{
  "ShowSeconds": 0,
  "TimeFormat": "h':'mm' 'tt'",
  "DateFormat": "ddd dd MMM",
  "WeekdayFormat": "dddd",
  "TopLine": "-",
  "BottomLine": "%time% ",
  "MiddleLine": "-",
  "TooltipLine": "",
  "Width": 180,
  "Height": 60,
  "TextSpacing": 1,
  "WebContentsItems[0].Url": "http://localhost:8089/weather",
  "WebContentsItems[0].BlockStart": "Current weather:",
  "WebContentsItems[0].Start": "Current weather:",
  "WebContentsItems[0].End": "end1",
  "WebContentsItems[0].MaxLength": 50,
  "WebContentsUpdateInterval": 10,
  "TimeStyle.Visible": 0,
  "TimeStyle.TextColor": "White",
  "TimeStyle.TextAlignment": "",
  "TimeStyle.FontSize": 0,
  "TimeStyle.FontFamily": "",
  "TimeStyle.FontWeight": "Medium",
  "TimeStyle.FontStyle": "",
  "TimeStyle.FontStretch": "",
  "TimeStyle.CharacterSpacing": 0,
  "DateStyle.TextColor": "White",
  "DateStyle.TextAlignment": "",
  "DateStyle.FontSize": 0,
  "DateStyle.FontFamily": "Dank Mono",
  "DateStyle.FontWeight": "Normal",
  "DateStyle.FontStyle": "Normal",
  "DateStyle.FontStretch": "SemiExpanded",
  "DateStyle.CharacterSpacing": 0,
  "oldTaskbarOnWin11": 0
}