{
  "theme": "",
  "controlStyles[0].target": "Rectangle#BackgroundFill",
  "controlStyles[0].styles[0]": "Fill:=#AA011627/>",
  "controlStyles[1].target": "Taskbar.TaskListButtonPanel@CommonStates > Border#BackgroundElement",
  "controlStyles[1].styles[0]": "CornerRadius=5",
  "controlStyles[1].styles[1]": "Background:=<AcrylicBrush TintColor=\"#011627\" TintOpacity=\"0.8\" FallbackColor=\"#BB011627\" />",
  "controlStyles[1].styles[2]": "Background@InactivePointerOver:=<AcrylicBrush TintColor=\"#011627\" TintOpacity=\"0.8\" FallbackColor=\"#CC011627\" />",
  "controlStyles[1].styles[3]": "Background@ActivePointerOver:=<AcrylicBrush TintColor=\"#011627\" TintOpacity=\"0.9\" FallbackColor=\"#CC011627\" />",
  "controlStyles[1].styles[4]": "Background@ActiveNormal:=<AcrylicBrush TintColor=\"#011627\" TintOpacity=\"0.8\" FallbackColor=\"#CC011627\" />",
  "controlStyles[1].styles[5]": "Background@InactiveNormal:=<AcrylicBrush TintColor=\"#011627\" TintOpacity=\"0.7\" FallbackColor=\"#BB011627\" />",
  "controlStyles[1].styles[6]": "Background@InactivePressed:=<AcrylicBrush TintColor=\"#011627\" TintOpacity=\"0.8\" FallbackColor=\"#CC011627\" />",
  "controlStyles[1].styles[7]": "Background@ActivePressed:=<AcrylicBrush TintColor=\"#011627\" TintOpacity=\"0.8\" FallbackColor=\"#CC011627\" />",
  "controlStyles[2].target": "Grid#SystemTrayFrameGrid",
  "controlStyles[2].styles[0]": "Background:=<AcrylicBrush TintColor=\"#011627\" TintOpacity=\"0.8\" FallbackColor=\"#BB011627\"/>",
  "controlStyles[2].styles[1]": "CornerRadius=5",
  "controlStyles[2].styles[2]": "Margin=0,9,14,9",
  "controlStyles[2].styles[3]": "Padding=10,0,0,0",
  "controlStyles[3].target": "Rectangle#RunningIndicator",
  "controlStyles[3].styles[0]": "Fill=Transparent",
  "controlStyles[3].styles[1]": "RadiusX=5",
  "controlStyles[3].styles[2]": "RadiusY=5",
  "controlStyles[3].styles[3]": "Height=38",
  "controlStyles[3].styles[4]": "Width=40",
  "controlStyles[4].target": "Taskbar.TaskListLabeledButtonPanel > TextBlock#LabelControl",
  "controlStyles[4].styles[0]": "Margin=4,0,0,0",
  "controlStyles[4].styles[1]": "Foreground=#F0F0F0",
  "controlStyles[5].target": "Taskbar.SearchBoxButton",
  "controlStyles[5].styles[0]": "Foreground=White",
  "controlStyles[5].styles[1]": "Margin=-11,0,0,0",
  "controlStyles[6].target": "TextBlock#SearchBoxTextBlock",
  "controlStyles[6].styles[0]": "FontSize=12",
  "controlStyles[6].styles[1]": "Foreground=White",
  "controlStyles[7].target": "Rectangle#BackgroundStroke",
  "controlStyles[7].styles[0]": "Fill=Transparent",
  "controlStyles[8].target": "Grid",
  "controlStyles[8].styles[0]": "RequestedTheme=2",
  "controlStyles[9].target": "Taskbar.TaskListButton#TaskListButton[AutomationProperties.Name=Copilot] > Taskbar.TaskListLabeledButtonPanel#IconPanel > Border#BackgroundElement",
  "controlStyles[9].styles[0]": "Background:=<AcrylicBrush TintColor=\"Blue\" TintOpacity=\"0.8\" />",
  "controlStyles[10].target": "Border#BackgroundBorder",
  "controlStyles[10].styles[0]": "Margin=0,3,0,3",
  "controlStyles[10].styles[1]": "CornerRadius=5",
  "controlStyles[11].target": "Taskbar.AugmentedEntryPointButton#AugmentedEntryPointButton > Taskbar.TaskListButtonPanel#ExperienceToggleButtonRootPanel > Border#BackgroundElement@CommonStates",
  "controlStyles[11].styles[0]": "Background@InactivePointerOver:=<AcrylicBrush TintColor=\"Black\" TintOpacity=\"0\" />",
  "controlStyles[11].styles[1]": "Background:=<AcrylicBrush TintColor=\"#011627\" TintOpacity=\"0.8\" FallbackColor=\"#BB011627\" />",
  "controlStyles[12].target": "Border#MultiWindowElement",
  "controlStyles[12].styles[0]": "Background:=<AcrylicBrush TintColor=\"#011627\" TintOpacity=\"0.8\" FallbackColor=\"#CC011627\" />",
  "controlStyles[13].target": "TextBlock#TimeInnerTextBlock",
  "controlStyles[13].styles[0]": "Foreground=White",
  "controlStyles[14].target": "TextBlock#DateInnerTextBlock",
  "controlStyles[14].styles[0]": "Foreground=White",
  "controlStyles[15].target": "SystemTray.TextIconContent > Grid > SystemTray.AdaptiveTextBlock#Base > TextBlock",
  "controlStyles[15].styles[0]": "Foreground=White",
  "controlStyles[16].target": "Border#BackgroundElement",
  "controlStyles[16].styles[0]": "BorderThickness=0",
  "controlStyles[17].target": "Taskbar.AugmentedEntryPointButton#AugmentedEntryPointButton",
  "controlStyles[17].styles[0]": "Margin=-11,0,0,0",
  "controlStyles[18].target": "Taskbar.ExperienceToggleButton#LaunchListButton[AutomationProperties.Name=Task View] ",
  "controlStyles[18].styles[0]": "Margin=-12,0,0,0",
  "controlStyles[19].target": "taskbar:TaskListLabeledButtonPanel@RunningIndicatorStates > Border",
  "controlStyles[19].styles[0]": "Background@ActiveRunningIndicator:=<AcrylicBrush TintOpacity=\"0.8\" TintColor=\"#011627\" />",
  "controlStyles[19].styles[1]": "Background@InactiveRunningIndicator:=<AcrylicBrush TintOpacity=\"0.8\" TintColor=\"#011627\" />",
  "controlStyles[19].styles[2]": "Background@InactiveRunningIndicatorPointerOver:=<AcrylicBrush TintOpacity=\"0.8\" TintColor=\"#011627\" />",
  "controlStyles[20].target": "Taskbar.TaskListLabeledButtonPanel@CommonStates > Border#BackgroundElement",
  "controlStyles[20].styles[0]": "Background@InactivePointerOver:=<AcrylicBrush TintOpacity=\"0.8\" TintColor=\"#011627\" FallbackColor=\"#DD011627\"/>",
  "controlStyles[20].styles[1]": "Background@ActivePointerOver:=<AcrylicBrush TintOpacity=\"0.8\" TintColor=\"#011627\" FallbackColor=\"#EE011627\"/>",
  "controlStyles[20].styles[2]": "Background@InactiveNormal:=<AcrylicBrush TintOpacity=\"0.8\" TintColor=\"#011627\" FallbackColor=\"#BB011627\"/>",
  "controlStyles[20].styles[3]": "Background@ActiveNormal:=<AcrylicBrush TintOpacity=\"0.8\" TintColor=\"#011627\" FallbackColor=\"#CC011627\"/>",
  "controlStyles[20].styles[4]": "Background@ActivePressed:=<AcrylicBrush TintOpacity=\"0.8\" TintColor=\"#011627\" FallbackColor=\"#BB011627\" />",
  "controlStyles[20].styles[5]": "Background@InactivePressed:=<AcrylicBrush TintOpacity=\"0.8\" TintColor=\"#011627\" FallbackColor=\"#BB011627\" />",
  "controlStyles[20].styles[6]": "CornerRadius=5",
  "controlStyles[20].styles[7]": "Margin=1",
  "controlStyles[21].target": "Taskbar.ExperienceToggleButton#LaunchListButton[AutomationProperties.AutomationId=StartButton] > Taskbar.TaskListButtonPanel > Border#BackgroundElement",
  "controlStyles[21].styles[0]": "Background:=<ImageBrush Stretch=\"Uniform\" ImageSource=\"C:\\StartOrbs\\Start (NO).png\" />",
  "controlStyles[22].target": "Taskbar.ExperienceToggleButton#LaunchListButton[AutomationProperties.AutomationId=StartButton] > Taskbar.TaskListButtonPanel > Microsoft.UI.Xaml.Controls.AnimatedVisualPlayer#Icon",
  "controlStyles[22].styles[0]": "Visibility=Collapsed",
  "controlStyles[23].target": "SystemTray.TextIconContent > Grid#ContainerGrid > SystemTray.AdaptiveTextBlock#Base > TextBlock#InnerTextBlock",
  "controlStyles[23].styles[0]": "FontSize=16",
  "controlStyles[24].target": "SystemTray.NotifyIconView#NotifyItemIcon",
  "controlStyles[24].styles[0]": "MinWidth=25",
  "controlStyles[25].target": "SystemTray.OmniButton#ControlCenterButton > Grid > ContentPresenter > ItemsPresenter > StackPanel > ContentPresenter[1] > SystemTray.IconView > Grid > Grid",
  "controlStyles[25].styles[0]": "Visibility=Collapsed",
  "controlStyles[26].target": "SystemTray.TextIconContent > Grid#ContainerGrid",
  "controlStyles[26].styles[0]": "Padding=2",
  "controlStyles[27].target": "SystemTray.ChevronIconView",
  "controlStyles[27].styles[0]": "MinWidth=27",
  "controlStyles[28].target": "SystemTray.OmniButton#NotificationCenterButton > Grid > ContentPresenter > ItemsPresenter > StackPanel > ContentPresenter > SystemTray.IconView#SystemTrayIcon > Grid > Grid > SystemTray.TextIconContent",
  "controlStyles[28].styles[0]": "Visibility=Collapsed",
  "controlStyles[29].target": "SystemTray.OmniButton#ControlCenterButton > Grid > ContentPresenter > ItemsPresenter > StackPanel > ContentPresenter[3] > SystemTray.IconView > Grid > Grid",
  "controlStyles[29].styles[0]": "Visibility=Collapsed",
  "controlStyles[30].target": "SystemTray.OmniButton#ControlCenterButton > Grid > ContentPresenter > ItemsPresenter > StackPanel > ContentPresenter[3] > SystemTray.IconView > Grid > Grid",
  "controlStyles[30].styles[0]": "Visibility=Collapsed",
  "controlStyles[31].target": "SystemTray.OmniButton#ControlCenterButton > Grid > ContentPresenter > ItemsPresenter > StackPanel > ContentPresenter[2] > SystemTray.IconView > Grid > Grid",
  "controlStyles[31].styles[0]": "Visibility=Collapsed",
  "controlStyles[32].target": "Windows.UI.Xaml.Controls.TextBlock#InnerTextBlock[Text=]",
  "controlStyles[32].styles[0]": "Text=",
  "controlStyles[33].target": "TextBlock#LabelControl",
  "controlStyles[33].styles[0]": "FontFamily=Dank Mono",
  "controlStyles[33].styles[1]": "FontWeight=Medium",
  "controlStyles[34].target": "Taskbar.TaskbarFrame#TaskbarFrame > Grid#RootGrid",
  "controlStyles[34].styles[0]": "Margin=4,4,4,4",
  "controlStyles[34].styles[1]": "CornerRadius=8",
  "resourceVariables[0].variableKey": "",
  "resourceVariables[0].value": ""
}